Business Name,Description,Category,Address,Phone,Email,Website
0968372 BC LTD - E360,Specialty Trade Contracting,,"3 Iron Canyon Rd Elkford, B.C. V0B 1H0",(250) 946-6676,dwannamaker@e360s.ca,
1325499 BC LTD. DBA ELKFORD I.D.A. PHARMACY,Pharmacy,,"4 Front Street, Suite B P.O. Box 53 Elkford, B.C. V0B 1H0",(778) 521-5181 or (250) 531-3684 FAX (778) 521-5182,idadoug@hotmail.com,
1421446 BC LTD,Mechanical Services,,1 Bear Paw Crescent,(250) 946-6092,scottymechanical@yahoo.com,
APEX POWER & AUTOMATION,Specialty Trades Contracting - Electrical,,"14 Iskut Road P.O. Box 142 Elkford, B.C. V0B 1H0",(250) 865-4349 or (403) 330-8284 Fax (403) 394-9358,brad.johnson@apexpower.ca,
ARCTIC ARROW POWERLINE GROUP LTD.,,,"34282 Manufacturers Way Abbotsford, B.C.",(604) 507-7424,payables@arcticarrowgroup.com,
ARLENE BOHN ART,"Artist (Pottery, Painting & Jewelry Making)",,"833 Michell Road P.O. Box 308 Elkford, B.C. V0B 1H0",(250) 865-4338 or (250) 421-0747,arlenebohn@hotmail.com,
ASPIRE SALON,Hairdresser,,"1156 Nashton P.O. Box 155 Elkford, B.C. V0B 1H0",(250) 865-7345,sheppard.annette7345@gmail.com,
AURORA SPA & WELLNESS,Massage Spa,,"64 Cassiar Drive P.O. Box 1133 Elkford, B.C. V0B 1H0",(867) 444-0832 Fax (250) 865-7865,dallas.richards@hotmail.com,
BARMADE BARTENDING,Bartending Service,,"P.O. Box 713 Elkford, B.C. V0B 1H0",(403) 795-5474 or (403) 563-8788,barmadebartending@gmail.com,
Bickford Mining Services Ltd.,Mining Engineering Consulting,,"664 Natal Road P.O. Box 668 Elkford, B.C.   V0B 1H0",(250) 423-1852,srthiel@gmail.com,
BODY BLISS DAY SPA,Mobile Day Spa,,"13 Darby Cres. P.O. Box 321 Elkford, B.C. V0B 1H0",(778) 908-0879,genevieveashleybodnergerber@gmail.com,
CHAMCO INDUSTRIES LTD,Pump & Compressor Service,,"Bay 110, 553 Kingsview Way SE Airdrie, AB T4A 0C9",(403) 945-8134 Fax (403) 777-1207,adraccounting@chamco.com,
CHAUNCY RIDGE FOOD MART,Convenience Store,,"1 - 2200 Balmer Drive Elkford, B.C. V0B 1H0",(778) 536-5775 or (250) 304-4740,ssrandhawa5775@gmail.com,
CHRISTAL KLASSEN,Bookkeeper's Office,,"1161 Nashton Cres. P.O. Box 186 Elkford, B.C. V0B 1H0",(250) 865-7794,crklass@telus.net,
CLARKSON CONTRACTING LTD.,Specialty Trade Contracting,,"418 B Boivin Road P.O. Box 1049 Elkford, B.C. V0B 1h0",(250) 865-4500 Fax (250) 865-7600,info@clarksoncontracting.com,
CLEAR DIRECTIONS VIRTUAL SOLUTIONS,Virtual Business Support,,"651 Natal Road P.O. Box 198 Elkford, B.C. V0B 1H0",(403) 892-6241,alyssa@alyssaburgoyne.com,
COAL TOWN FURNACE & AC,HVAC Installation (Service Business),,"P.O. Box 820 Coleman, AB T0K 0M0",(403) 795-4398 or (403) 563-9481,coaltownfurnace@gmail.com,
COMBINED INSURANCE COMPANY OF AMERICA,Insurance,,"Suite 70 150 Commerce Valley Drive W. Markham, ON L3T 7Z3",(403) 569-7981 or (403) 619-9738 or Fax (403) 207-1544,giancarlo.valente@ca.combined.com,
CREATIVE REHABILITATION SERVICES LTD DBA CREATIVE THERAPY CONSULTANTS,Occupational Therapy and Kinesiology Services,,"102 - 208 Ellis Street Penticton, B.C. V2A 4L6",(236) 422-4778 Fax (236) 422-4783,info@creativetherapyconsultatants.ca,
CURTIS & PAULA NYULI,Bed & Breakfast / Air BnB,,"3000 Balmer Drive P.O. Box 825 Elkford, B.C. V0B 1H0",(250) 865-2724 or (250) 826-7606,paulanyuli@gmail.com,
CUTLINE BARBERSHOP - 2437841 Alberta Inc,Barbershop,,"7 Bear Paw Cres. Elkford, B.C. V0B 1H0",(403) 369-0744,lisa.megly@gmail.com,
D3K CONSTRUCTION LTD.,Specialty Trade Contracting,,"1581 Newgate Crescent P.O. Box 292 Elkford, B.C. V0B 1H0",(250) 603-9934 or (250) 603-9935,d3kconstruction@gmail.com,
DECORATE WITH BALLOONS,Balloons and Water Beads,,"2 Dorita Elkford, B.C. V0B 1H0",(250) 865-4690 or (250) 425-3863,sdennuse@hotmail.com,
DOLLY'S DINER,Food and Beverage Service,,815 Elk Valley Highway 43,(250) 433-7722 or (250) 202-2220,jolenewarner2222@gmail.com,
DUKA ENVIRONMENTAL SERVICES,Environmental Services,,"13878 - 100 Ave. Surrey, B.C. V3T 5X7",(604) 881-4565 or (604) 240-5025 Fax (866) 759-5902,duka@telus.net,
ELK RIVER CROSSING CARWASH,Car Wash,,"6 Front Street P.O. Box 332 Elkford, B.C. V0B 1H0",(778) 521-5112 or (403) 330-7414,elkrivercrossing@outlook.com,
ELKFORD CHAMBER OF COMMERCE,Admin of General Economic Programs,,"P.O. Box 220 Elkford, B.C. V0B 1H0",(250) 425-5725,info@tourismelkford.ca,
ELKFORD HOLDINGS,Air BNB Rental,,"3A Douglas Crescent Box 1093 Elkford, B.C. V0B 1H0",(250) 910-2222 or (250) 910-9100,elkfordholdings@gmail.com,
ELKFORD MOTOR INN,,,"812 MICHEL RD, ELKFORD, BC, V0B 1H0",(250) 865-2231,elkfordhotel@gmail.com,https://elkfordmotorinn.com
ELKFORD MOTOR INN SNEAKY'S PUB,,,"808 MICHEL RD, ELKFORD, BC, V0B 1H0",(250) 865-2211,elkfordhotel@gmail.com,https://elkfordmotorinn.com
ELKFORD PHYSIOTHERAPY,Physiotherapy,,"216 Alpine Way Elkford, B.C. V0B 1H0",(250) 423-3423 or (250) 531-0341 Fax (250) 423-3443,ferniephysio@shawcable.com,
ESCUADRA CUSTOM HOMES,Residential Builder,,"8849 Dunn Street Canal Flats, B.C. V0B 1B0",(250) 421-7424,admin@excuadra.ca,
FERNIE FORD SALES LTD. - LEGACY FORD,Service Repair Shop,,"6165  Brenhers Road Fernie, B.C. V0B 1M0",(250) 423-9211,reception@legacyfordfernie.ca,
FINNING CANADA - ELKFORD,Repair and Maintenance,,"2 Bear Paw Crescent P.O. Box 1300 Elkford, B.C. V0B 1H0",(250) 425-6282 or (250) 425-5170 FAX (250) 425-0444,msmith@finning.com,
FRONT TO BACK YARD MAINTENANCE,Landscaping Services,,"1356 Needles Cres. Elkford, B.C. V0B 1H0",(250) 231-3687 or (250) 910-9625,snowcatrob@hotmail.com,
HI ROCK INN (1261789 BC LTD),Motel,,"2 Chauncey Street P.O. Box 1360 Elkford, B.C. V0B 1H0",(250) 865-2226 or (158) 743-8425 Fax (250) 865-2062,hirockmotel@gmail.com,
HIGH STANDARD CONTRACTING INC.,Repair and Maintenance,,"351 Alpine Way P.O. Box 338 Elkford, B.C. V0B 1H0",(250) 865-7333 or (250) 425-5825 Fax (250) 865-4444,hselkford@gmail.com,
INSIDE OUT PAINTING,Construction Painting,,"770B Balmer Crescent Elkford, B.C. V0B 1H0",(250) 515-2055 or (250) 865-7435,lindsay.a.thiel@gmail.com,
IRWIN'S SAFETY AND INDUSRIAL LABOUR,,,"3 Bearpaw Cres. Elkford, B.C.   V0B 1H0",(778) 753-6540,info@irwinsafety.com,
J & R SERVICES,Snow Removal/Landscaping,,"20 Cassiar Drive P.O. Box 346 Elkford, B.C. V0B 1H0",(250) 946-7022 OR (250) 425-5206,jorobtu@yahoo.ca,
JUSTIN HUGHSON REALTOR,Realtor,,"5 Dallas Place P.O. Box 309 Elkford, B.C. V0B 1H0",(403) 315-0840,hughsonjustin@gmail.com,
KAPP'S PIZZA PLACE,Family Restaurant,,"418 Boivin P.O. Box 598 Elkford, B.C. V0B 1H0",(250) 865-2999 or (250) 304-7964,gurdeepmann1100@gmail.com,
KAREN'S PET INN,Kennels and Pet Boarding,,"#4090 Highway 43 P.O. Box 1048 Elkford, B.C. V0B 1H0",(250) 865-7673 or (250) 910-0724,kjsmithies@elkvalley.net,
KATHERINE RUSSELL ART,Glass Art,,"118 Cariboo Drive P.O. Box 13 Elkford, B.C. V0B 1H0",(250) 665-8005,k.russell.glass@outlook.com,
KETTLE BLACK BARTENDING,Event Bartender,,"1000 12th St. S Cranbrook, B.C. V1C 1W8",(250) 919-8052,kettleblackbartending@gmail.com,
KETTLE RIVER CONTRACTING LIMITED PARTNERSHIP,Civil Construction,,"2 & 4 Iskut Elkford, B.C. V0B 1H0  201 - 127 Commercial Drive Calgary, AB T3Z 2A7",(403) 818-3970,admin@kettlerivercontracting.com,
KROMDRAAI DELI & STORE,South African Store,,"Box 258 Stirling, AB T0K 2E0",(403) 849-0677,kromdraaideli@gmail.com,
KS JANITORIAL SERVICES,Janitorial Services,,"104 Cariboo Dr. P.O. Box 1141 Elkford, B.C. V0B 1H0",(250) 910-0259,kristen.ann1@hotmail.com,
LAVENDER HAZE NAILS,Nail Technician,,"827 Michel Road P.O. Box 495 Elkford, B.C. V0B 1H0",(250) 910-7021,katrinamarie321@hotmail.com,
LAZY DAISY DOG,Pottery/Knitting/Crafts,,"827 Michel Road P.O. Box 495 Elkford, B.C. V0B 1H0",(250) 425-9181,stacievandergrift@hotmail.com,
LINK BUILDERS,Construction Services,,"P.O. Box 2650 Pincher Creek, AB T0K 1W0",(403) 627-5504,admin@linkbuilders.ca,
MA CATERING COMPANY LTD.,Catering Company,,"P.O. Box 1684 Fort MacLeod, AB T0L 0Z0",(403) 715-6079,macateringco@gmail.com,
MAITREYA MASSAGE THERAPY & HOLISTIC HEALING,Registered Massage Therapy,,"960 Galbraith Drive P.O. Box 1294 Elkford, B.C. V0B 1H0",(250) 865-2484 or (250) 540-5710,ea.drijber@gmail.com,
MARGOT KATRINA BC RMT,Registered Massage Therapist,,"816 Michel Road P.O. Box 1276 Elkford, B.C. V0B 1H0",(250) 342-5803,margot.penner.rmt@gmail.com,
MATERA TILE AND STONE,Tile and Stone Installation,,"2628 Alpine Drive P.O. Box 894 Elkford, B.C.  V0B 1H0",(250) 423-1629,materatileandstone@gmail.com,
MAXAM EXPLOSIVES INC.,Explosive Manufacturing,,"P.O. Box 1240 Sparwood, B.C. V0B 2G0",(250) 410-1088 or (250) 423-1845 Fax (250) 425-2099,syrckman@maxam.net,
MCNAIR CONTRACING LTD.,Mobile Services for Transportation,,"2 Darby Crescent P.O. Box 231 Elkford, B.C. V0B 1H0",(250) 464-5063 or (250) 425-5755,mcnaircontracting5755@gmail.com,
MCRAE'S AUTO ELECTRIC LTD.,Electric Services,,"5 Intata Road P.O. Box 68 Elkford, B.C. V0B 1H0",(250) 865-4395,accounts@mcraesautoelectric.com,
MICHELLE KRENBRINK ART,Custom Paintings & Pottery,,"6 Citadel Place P.O. Box 1416 Elkford, B.C. V0B 1H0",(250) 603-9347,michelle.krenbrink@gmail.com,
MOUNTAIN ECHOES DOULA,Doula Services,,"1173 Nashton Crescent P.O. Box 126 Elkford, B.C. V0B 1H0",(587) 433-1954,mountainechoes.doula@gmail.com,
MOUNTAIN ELECTRIC LTD.,Electrical Contractor,,"1117 Ash Crescent P.O. Box 1278 Elkford, B.C. V0B 1H0",(250) 433-1707,jason.mountainelectric@yahoo.ca,
MOUNTAIN MECHANICAL SALES & SERVICES,Mountain Mechanical Sales & Services,,"1 Front Street P.O. Box 168 Elkford, B.C. V0B 1H0",(250) 425-6535 or (250) 425-5381,accounting@mountainmechanical.com,
MOUNTAIN TOP BEAUTY,Nail & Lash Salon,,"609 Bigston Crescent P.O. Box 193 Elkford, B.C. V0B 1H0",(250) 433-1812,ssherdahl@gmail.com,
MR. NICE GUY CONTRACTING,Renovations & Repairs,,"P.O. Box 665 Elkford, B.C. V0B 1H0",(306) 307-0669 or (306) 307-4424,mrniceguycontracting@gmail.com,
NICOLE VENYIGE THERAPY,Mental Health Counselling,,"3-816 Michel Road P.O. Box 652 Elkford, B.C. V0B 1H0",(306) 580-1250,nicolevenyigetherapy@gmail.com,
NOTEWORTHY COFFEE,Mobile Coffee/Tea Truck,,"P.O. Box 1017 Elkford, B.C. V0B 1H0",(780) 221-4566,alison.noteworthycoffee@gmail.com,
NWP COAL CANADA LIMITED,Coal Mining,,"8 Douglas Cres. P.O. Box 399 Elkford, B.C. V0B 1H0",(855) 922-3851,info@nwpcoal.com,
NXTLVL CONSULTING & EXCAVATION LTD,Civil Construction and Repairs,,"807 309th Street Kimberly, B.C. V1A 3J5",(250) 427-5840,office.nxtlvl@gmail.com,
PACIFIC PUPS DOG WALKING,Dog Walking/Pet Care,,"5 Clearwater Place P.O. Box 512 Elkford, B.C. V0B 1H0",(778) 919-9255 or (604) 902-1796,pacificpupsdogwalking@gmail.com,
PARTNERS IN BRINE SEAFOOD INC.,Fish & Seafood Merchant,,"60 Alpine Way 3600 Almond Gardens RD WE Grand Forks, B.C. V0H 1H4",(250) 442-5280 or (250) 442-9679,tritonsage@yahoo.com,
PINECREST POWER LTD.,Electrical Contractor,,"2004 Alder Street Elkford, B.C. V0B 1H0",(403) 969-9715,pinecrestpower@outlook.com,
PK CONSTRUCTION,Renovations/Windows Doors,,"Box 62 Blairmore, AB T0K 0E0",(403) 634-3858,pkkingsly@gmail.com,
PRECISION ARC INDUSTRIES,"Light welding/repair, machine shop, mobile welding",,"13 Union Road P.O. Box 687 Elkford, B.C. V0B 1H0",(250) 421-0696,precision.arc.industries@gmail.com,
RE/MAX ELK VALLEY REALTY,Real Estate Office,,"814 Michel Road Elkford, B.C. V0B 1H0",(250) 910-9625 (Crystal) or 250-433-6151 (Stephanie),info@sparwoodrealestate.ca,
RED RAINE HAIR STUDIO,Hair Salon,,"7 Bear Paw Crescent P.O. Box 1175 Elkford, B.C. V0B 1H0",(250) 433-7068,redrainehairstudio@outlook.com,
RMR RADIATORS & BOOM TRUCK,Radiator Repair,,"13 Union Road P.O. Box 550 Elkford, B.C. V0B 11H0",(250) 865-4445 or (250) 433-7843 Fax (250) 865-4450,rmr2001@telus.net,
RYAN VENDING,Vending Machines,,"723A Vanalman Ave. Victoria, B.C. V8Z 3B6",(877) 311-7171 Fax (250) 381-1123,heather.sutherland@ryanvending.com,
SAORSA BUSINESS SERVICES,Ergonomic Consulting,,"152 Corbin Drive P.O. Box 638 Elkford, B.C. V0B 1H0",(403) 807-1770,hello@saorsabusiness.com,
SCRAPPY MOUNTAIN HANDMADE,Handmade Products,,"P.O. Box 1296 Elkford, B.C. V0B 1H0",(250) 421-3098,skibumnz@hotmail.com,
SHERRATT INDUSTRIES LTD.,General Contractors,,"325 B Industrial Road F Cranbrook, B.C. V1C 6N4",(250) 420-1592,admin@sherrattindustries.com,
STARLING CLEANING SERVICES LTD.,Residential & Commercial Cleaning,,"816A Michel Road P.O. Box 7065 Fernie, B.C. V0B 1M7",(250) 430-1702 or (778) 598-1923,clientcare@starlingcleaningservices.com,
SUMMIT TRAVEL,Travel Agent,,"722 Balmer Cresc. P.O. Box 1453 Elkford, B.C. V0B 1H0",(778) 521-4765 Fax (778) 521-4762,chrissmith@tpi.ca,
TATHLINA'S POTTERY,Artist/Pottery,,"20 Cascade Cres. P.O. Box 908 Elkford, B.C. V0B 1H0",(250) 910-0161 or (250) 865-4640,tathlinaspottery@gmail.com,
TD JANITORIAL,,,"59 Deerborne Drive Elkford, B.C. V0B 1H0",(709) 944-0138,teenadavis19@gmail.com,
TEDDI'S ACORN ACADEMY EARLY LEARNING CENTRE,Childcare,,"#2 - 2200 Balmer Drive P.O. Box 355 Elkford, B.C. V0B 1H0",(402) 915-3923 or (403) 915-3921,teddi_jo.rosler@hotmail.ca,
THAT'S SO FETCH,Dog and Cat Grooming Services,,"7 Bear Paw Cres. P.O. Box 1483 Elkford, B.C. V0B 1H0",(250) 254-0429,thatssofetchdg@gmail.com,
THE BLEND BISTRO,Full Service Restaurant,,"Unit 9 814 Michel Road P.O. Box 5 Elkford, B.C. V0B 1H0",(250)421-7378 or (250) 865-2094,blendbistro@icould.com,
THE SOURCE DISPENSARY LTD DBA - ELK VALLEY CANNABIS,Cannabis Retail,,"814 Michel Road Elkford, B.C.  208 - 13 Street S. Lethbridge, AB T1J 2V4",(208) 755-6907,Rcswayze@gmail.com,
TRACEY HALLADAY PHOTOGRAPHY,Photography,,"441 Bickford Drive P.O. Box 1195 Elkford, B.C. V0B 1H0",(250) 425-4703,traceyhalladay@gmail.com,
ULTRA LITE OVERHEAD DOORS,Specialty Trade Contractor - Garage Doors,,"7307 - 40 Street SE Calgary, AB T2C 2K4",(403) 280-2000 Fax (403) 280-1558,theresa@ultralitedoors.ca,
VALLEY PRO MECHANICAL INC,HVAC/Gas Fitting/Plumbing,,"9 Balmer Place P.O. Box 1137 Elkford, B.C. V0B 1H0",(250) 433-6090 or (604) 369-0187,valleypromech@gmail.com,
WESTRIDGE ROCK VENTURES LTD.,Crushing and Aggregates,,"#17 & #9 Bearpaw Cres. Elkford, B.C. 101 L&A Cross Road Vernon, B.C. V1B 3S1",(250) 546-8800 or (250) 550-7482,info@westridgerock.com,
WILD SHIELD EXTERIORS,Construction/Exteriors,,"653 Natal Road P.O. Box 1257 Elkford, B.C. V0B 1H0",(587) 220-9790 or (587) 370-1373,wildshieldext@gmail.com,
WILLOW-D ENTERPRISES LTD.,Heating & Air Conditioning,,"P.O. Box 263 Elkford, B.C. V0B 1H0",(250) 430-7361 or (250) 425-6451,willow-denterprisesltd@hotmail.com,
WONDERLAND CLINICAL ESTHETICS,Clinical Esthetics,,"713 Fording Drive P.O. Box 878 Elkford, B.C. V0B 1H0",(250) 910-0870,admin@wonderlandclinicalesthetics.ca,
